{
  "params": {
    "framework": "xgboost",
    "xgb_objective": "rank:ndcg",
    "lr": 0.06457356150107575,
    "max_depth": 6,
    "min_child_weight": 1,
    "subsample": 0.923234545543487,
    "colsample_bytree": 0.8284843452391346,
    "gamma": 0.7661643351024852,
    "reg_lambda": 3.2409463990532346,
    "reg_alpha": 1.5329262427372647
  },
  "n_rounds": 21,
  "val_ndcg10": 1.0
}