{
  "params": {
    "framework": "xgboost",
    "xgb_objective": "rank:pairwise",
    "lr": 0.12742803817618759,
    "max_depth": 5,
    "min_child_weight": 3,
    "subsample": 0.8455542806769354,
    "colsample_bytree": 0.6200014878180092,
    "gamma": 1.2341500381836825,
    "reg_lambda": 0.2920853078701341,
    "reg_alpha": 0.10766166045463532
  },
  "n_rounds": 10,
  "val_ndcg10": 1.0
}